Change,Flowing
-15.936758133785411,2.13431050672966
-29.152979217238133,1.173256679
36.189548626662528,34.35910918
37.492187331995133,36.83795516
-48.058829452570066,2.808965074
-8.941457938049755,2.121072477
15.307792889226079,14.71026831
-34.706265811322488,2.614184386
1.3891543686358903,3.740171666
-44.383759851686918,3.731691311
7.0135020824041119,7.627658852
22.762748919711303,22.7524283


